id,firstname,lastname,email,email2,profession,age
100,Glenda,Pyle,Glenda.Pyle@yopmail.com,Glenda.Pyle@gmail.com,firefighter,25
101,Hollie,Allys,Hollie.Allys@yopmail.com,Hollie.Allys@gmail.com,worker,26
102,Grier,Henrie,Grier.Henrie@yopmail.com,Grier.Henrie@gmail.com,doctor,23
103,Kittie,Strephon,Kittie.Strephon@yopmail.com,Kittie.Strephon@gmail.com,worker,45
104,Kassey,Prober,Kassey.Prober@yopmail.com,Kassey.Prober@gmail.com,worker,45
105,Lusa,Kolnick,Lusa.Kolnick@yopmail.com,Lusa.Kolnick@gmail.com,firefighter,23
106,Fredericka,Florina,Fredericka.Florina@yopmail.com,Fredericka.Florina@gmail.com,firefighter,43
107,Constance,Georgy,Constance.Georgy@yopmail.com,Constance.Georgy@gmail.com,doctor,
108,Maria,Concha,Averyl.Concha@yopmail.com,Averyl.Concha@uol.com.br,police officer,41
109,Lily,Uird,Lily.Uird@yopmail.com,Lily.Uird@gmail.com,firefighter,46
110,Malina,Huggins,Malina.Huggins@yopmail.com,Malina.Huggins@gmail.com,worker,23
111,Dorthy,Nisbet,Dorthy.Nisbet@yopmail.com,Dorthy.Nisbet@gmail.com,doctor,
112,Tiffie,Joachim,Tiffie.Joachim@yopmail.com,Tiffie.Joachim@gmail.com,doctor,33
113,Agathe,Adrienne,Agathe.Adrienne@yopmail.com,Agathe.Adrienne@gmail.com,developer,32
114,Joao,Silva,joao.silva@bol.com.br,joao.silva.02@zipmail.com,developer,19